iteration,train_loss,train_acc,val_loss,val_acc,test_loss,test_acc
100,0.8902338008085887,0.8961111111111111,0.9890789449214935,0.8166666666666667,0.9348007615874795,0.869
200,0.5921551797125074,0.922962962962963,0.6870359778404236,0.8866666666666667,0.6416446847074172,0.9
300,0.431963715950648,0.9333333333333333,0.5309084057807922,0.8933333333333333,0.48617250603788037,0.91
400,0.3374721449282434,0.9409259259259259,0.43915114402770994,0.8983333333333333,0.397000929888557,0.921
500,0.2774699699547556,0.9481481481481482,0.38554947078227997,0.905,0.3410034372526057,0.928
600,0.23614157487948736,0.952962962962963,0.3496032565832138,0.91,0.3027973236406551,0.93
700,0.20522512520353,0.9587037037037037,0.3227168083190918,0.92,0.275400071459658,0.936
800,0.18129905064900717,0.9614814814814815,0.30402209907770156,0.92,0.25508083227802725,0.938
900,0.16247162976198726,0.9662962962962963,0.2881875462830067,0.9266666666666666,0.2406439193907906,0.937
1000,0.14688431264625657,0.9688888888888889,0.27666536495089533,0.9216666666666666,0.22879859191529892,0.94
1100,0.13353721222115889,0.9722222222222222,0.26601910442113874,0.9266666666666666,0.21945900119402828,0.941
1200,0.12292239781883028,0.9740740740740741,0.2597976833581924,0.9283333333333333,0.21136628661085577,0.944
1300,0.11292545654707485,0.9774074074074074,0.2512956075370312,0.9266666666666666,0.20579157156102798,0.943
1400,0.10403418321576384,0.9783333333333334,0.24701127037405968,0.9316666666666666,0.20046767680084004,0.944
1500,0.09635075970242421,0.9805555555555555,0.2424720399081707,0.9316666666666666,0.19553623085512833,0.944
1600,0.0894004010491901,0.9835185185185186,0.23817684575915338,0.9333333333333333,0.1937190929756445,0.944
1700,0.0829634419331948,0.9853703703703703,0.23617227897047996,0.9283333333333333,0.18839216319953694,0.946
1800,0.07735454974075158,0.9864814814814815,0.23147312328219413,0.9333333333333333,0.1856910608270589,0.946
1900,0.07234964590105745,0.9872222222222222,0.22932665869593621,0.9333333333333333,0.18302237067152471,0.949
2000,0.0673625031279193,0.9888888888888889,0.22656662315130233,0.9333333333333333,0.18104392947519526,0.948
2100,0.06350225744148096,0.99,0.22599602676928043,0.9316666666666666,0.18021248763098435,0.944
2200,0.0592576685672005,0.9918518518518519,0.22359003648161888,0.935,0.17718305000487497,0.947
2300,0.05558248402343856,0.9925925925925926,0.22221114300191402,0.9333333333333333,0.1760777375277351,0.947
2400,0.0521241960219211,0.9933333333333333,0.2204415313899517,0.9333333333333333,0.17588569355361602,0.948
2500,0.04911503976003991,0.9942592592592593,0.22068641446530818,0.9333333333333333,0.17461436460999882,0.949
2600,0.045881605624324744,0.9940740740740741,0.2205866239964962,0.9333333333333333,0.17410406338817933,0.946
2700,0.043368487970696555,0.995,0.2190640542656183,0.9316666666666666,0.17300859619589412,0.949
2800,0.040615164364377655,0.9955555555555555,0.21888011023402215,0.9333333333333333,0.17220115771188454,0.951
2900,0.0384462418138153,0.9961111111111111,0.21910015642642974,0.9333333333333333,0.17210488634950974,0.948
3000,0.036224128688789076,0.9961111111111111,0.2184983439743519,0.9333333333333333,0.172187470995328,0.949
3100,0.03410951271653175,0.9966666666666667,0.2202432733029127,0.93,0.17171484078554547,0.949
3200,0.03218787910623683,0.9966666666666667,0.21957712545990943,0.9316666666666666,0.1714790128171444,0.949
3300,0.03030632264498207,0.997037037037037,0.21783129535615445,0.9316666666666666,0.1703926480430014,0.953
3400,0.02852008230984211,0.9975925925925926,0.2197881333529949,0.9316666666666666,0.1708763005102382,0.949
3500,0.027032178857674203,0.9977777777777778,0.22044139578938485,0.9333333333333333,0.1714469910982777,0.951
3600,0.025392107117093273,0.9979629629629629,0.22024683617055416,0.93,0.17144909413421855,0.951
3700,0.024212099575541084,0.9981481481481481,0.22191572226583958,0.93,0.17187147127354846,0.951
3800,0.022878781302521627,0.9981481481481481,0.22092161290347576,0.9283333333333333,0.17141537171076326,0.95
3900,0.021389524788699217,0.9985185185185185,0.22137324847280979,0.9316666666666666,0.17214804580982992,0.951
4000,0.02037096240868171,0.9985185185185185,0.2235273752361536,0.93,0.1722806970424512,0.954
4100,0.01919795323887633,0.9985185185185185,0.22299946732819081,0.9333333333333333,0.17268026948851697,0.954
4200,0.018173616327759292,0.9987037037037036,0.22310978062450887,0.935,0.17269565712879686,0.952
4300,0.017162928300806218,0.9988888888888889,0.22504003420472146,0.93,0.17326927360366373,0.951
4400,0.01612938267385794,0.9988888888888889,0.2247763779014349,0.9266666666666666,0.17268389704472878,0.95
4500,0.015239222316692273,0.9990740740740741,0.22528554424643515,0.925,0.17323002854690833,0.951
4600,0.01457583688509961,0.9990740740740741,0.22709461189806462,0.93,0.17480621837517796,0.952
4700,0.013784125090266268,0.9990740740740741,0.22734989933669567,0.9283333333333333,0.1749715561814168,0.951
4800,0.01290734434603817,0.9990740740740741,0.22991164922714233,0.9266666666666666,0.17559799135607831,0.954
4900,0.012271130501499607,0.9990740740740741,0.22980885915458202,0.925,0.17691626268274643,0.952
5000,0.011495125661086705,0.9994444444444445,0.22970385029911994,0.9233333333333333,0.17611528648173108,0.953
5100,0.010871874678155615,0.9994444444444445,0.22906709499657155,0.925,0.17659261296777165,0.953
5200,0.010297219975230594,0.9992592592592593,0.2311587430536747,0.9266666666666666,0.17652591602767215,0.951
5300,0.009731682397735615,0.9994444444444445,0.23313325494527817,0.9266666666666666,0.17919189187095447,0.95
5400,0.00916248634069537,0.9994444444444445,0.2341685477644205,0.93,0.1791635217035518,0.954
5500,0.008642219534764687,0.9996296296296296,0.235517255961895,0.9266666666666666,0.17978586059282808,0.953
5600,0.00822760094371107,0.9996296296296296,0.23650709949433804,0.9266666666666666,0.1807373637223945,0.952
5700,0.007764009813157221,0.9996296296296296,0.23846467435359955,0.9283333333333333,0.1802031733095646,0.954
5800,0.0073264459536100425,0.9998148148148148,0.23901504687964917,0.925,0.18262508401975913,0.951
5900,0.006943179925696717,0.9998148148148148,0.24049075804650782,0.9283333333333333,0.18333479783990803,0.953
6000,0.00655357278107355,1.0,0.2413766197860241,0.925,0.1826332861228901,0.953
6100,0.006192766520608631,1.0,0.24136578291654587,0.9266666666666666,0.1841961276881835,0.951
6200,0.005865104479663488,1.0,0.24397921301424502,0.9283333333333333,0.18469914804924936,0.952
6300,0.005587180756912049,1.0,0.24559352099895476,0.925,0.18528997909058542,0.953
6400,0.0052373097614488665,1.0,0.24646880589425563,0.9266666666666666,0.18567465837387478,0.951
6500,0.004971767528655214,1.0,0.24886129274964333,0.9266666666666666,0.18638497076052077,0.953
6600,0.004690733967193713,1.0,0.24836882203817368,0.9266666666666666,0.1874664435710977,0.952
6700,0.004455777692944847,1.0,0.2517494797706604,0.9283333333333333,0.1881833542138338,0.952
6800,0.0042355786232898636,1.0,0.2522892378270626,0.925,0.18865285003009966,0.952
6900,0.0039669130113907155,1.0,0.2542347364127636,0.9266666666666666,0.19023578066159696,0.952
7000,0.0037930847611278296,1.0,0.2554047055542469,0.9266666666666666,0.1907391382710022,0.954
7100,0.003581819832066281,1.0,0.2563453525304794,0.925,0.19122616081115076,0.953
7200,0.0033782231867209903,1.0,0.2577442228794098,0.925,0.1922274536507971,0.953
7300,0.003235060421542989,1.0,0.2586399532854557,0.9283333333333333,0.19335024628569097,0.95
7400,0.003053468967684441,1.0,0.25983886867761613,0.9283333333333333,0.1936383706462734,0.954
7500,0.0028859156080418163,1.0,0.26177436411380767,0.925,0.19421273995848262,0.953
7600,0.0027303425207113228,1.0,0.2629731558263302,0.925,0.1948251981726464,0.954
7700,0.0025940131570678206,1.0,0.26621241942048074,0.9283333333333333,0.19773082982967882,0.953
7800,0.002469698437360219,1.0,0.2654078207910061,0.925,0.19682622043525472,0.953
7900,0.002330310514015663,1.0,0.26834235414862634,0.9283333333333333,0.19882089195444302,0.952
8000,0.002224926261826315,1.0,0.26881182119250296,0.9266666666666666,0.19855613469639244,0.95
8100,0.0020902204598921043,1.0,0.2704679064452648,0.9266666666666666,0.19976057331351674,0.953
8200,0.0019839384195317203,1.0,0.2725392408668995,0.9266666666666666,0.20029728651485024,0.953
8300,0.0018988978198548364,1.0,0.27322971895337106,0.9283333333333333,0.20057283089879682,0.954
8400,0.0017860231164377183,1.0,0.2752522543072701,0.925,0.201277987264535,0.952
8500,0.0016910698057876694,1.0,0.27682984694838525,0.925,0.2036043345270788,0.953
8600,0.0016037770831543539,1.0,0.27793342173099517,0.9266666666666666,0.20534265260486043,0.952
8700,0.0015250552558831664,1.0,0.2787224493920803,0.9283333333333333,0.2051001795951058,0.953
8800,0.0014427547077907042,1.0,0.28061354383826254,0.9283333333333333,0.2060880584313589,0.95
8900,0.0013787993744093304,1.0,0.28279156759381296,0.9283333333333333,0.20647478651474505,0.951
9000,0.0013000526649799818,1.0,0.2838824413716793,0.93,0.20802811719477177,0.952
9100,0.0012432479296371134,1.0,0.2855845563113689,0.9266666666666666,0.207949764917002,0.953
9200,0.0011798898388709251,1.0,0.28701454773545265,0.9266666666666666,0.21024823659921393,0.949
9300,0.0011147044721939083,1.0,0.2875224657356739,0.9266666666666666,0.2115313957500107,0.949
9400,0.0010591967564929897,1.0,0.29008117988705634,0.93,0.2105268127120593,0.952
9500,0.0010093579721999252,1.0,0.29207294061779976,0.9266666666666666,0.21202033703379772,0.951
9600,0.0009538829717914471,1.0,0.29372569620609285,0.9283333333333333,0.2138419029138544,0.951
9700,0.0009025883978918298,1.0,0.2939578965306282,0.9283333333333333,0.2135078650625313,0.952
9800,0.000862236179657177,1.0,0.2951274402439594,0.9283333333333333,0.2148241226506584,0.952
9900,0.0008112926899533098,1.0,0.297193905711174,0.9283333333333333,0.21578642397242434,0.952
10000,0.0007751909694181651,1.0,0.29865574836730957,0.9283333333333333,0.21765213251552162,0.951
10100,0.0007336359484017723,1.0,0.2997718036174774,0.9283333333333333,0.21869771905681668,0.952
10200,0.0007007361347657732,1.0,0.3018997125327587,0.93,0.21903135233065663,0.95
10300,0.0006608770642843511,1.0,0.30231680944561956,0.9283333333333333,0.21885820154977195,0.952
10400,0.0006268312525612095,1.0,0.3046790614724159,0.9283333333333333,0.22053095309392495,0.951
10500,0.0005946077167108241,1.0,0.305721565335989,0.9266666666666666,0.22128487712539294,0.952
10600,0.0005636020835178594,1.0,0.30748928561806677,0.9283333333333333,0.22248511640902827,0.952
10700,0.0005358968251029081,1.0,0.3080117978155613,0.9266666666666666,0.2229859272346777,0.952
10800,0.0005114707007629072,1.0,0.3096665360033512,0.9283333333333333,0.22399599768002243,0.95
10900,0.00048232223165945874,1.0,0.3114541217684746,0.9283333333333333,0.22496181414188707,0.952
11000,0.00045947061945399685,1.0,0.3129852503538132,0.9283333333333333,0.22538239158251705,0.952
11100,0.0004417702796571474,1.0,0.3156635671854019,0.9266666666666666,0.22787987879093954,0.95
11200,0.0004154369183904944,1.0,0.31670035868883134,0.9283333333333333,0.22878609586726217,0.951
11300,0.00039284492223588233,1.0,0.31722261384129524,0.9283333333333333,0.22918166127055883,0.951
11400,0.000374159934613595,1.0,0.3186621077358723,0.9283333333333333,0.22908928294611328,0.953
11500,0.00035595684191018034,1.0,0.32075530141592024,0.9283333333333333,0.23093535778496196,0.95
11600,0.00033706461027678514,1.0,0.32219086587429047,0.9283333333333333,0.23144597680691412,0.951
11700,0.00032073937545646914,1.0,0.3236050017178059,0.9266666666666666,0.23316349226104863,0.951
11800,0.0003057324781871608,1.0,0.3247294738888741,0.93,0.23305295468034112,0.951
11900,0.0002887278869618765,1.0,0.3268434442579746,0.9283333333333333,0.2344238589901258,0.95
12000,0.0002739070978552465,1.0,0.3280005224049091,0.9266666666666666,0.23545708364861853,0.95
12100,0.00026116430110252825,1.0,0.3292201094329357,0.9283333333333333,0.23633135888068116,0.95
12200,0.00024674889876526623,1.0,0.3311330586671829,0.9283333333333333,0.23754457072080934,0.951
12300,0.0002345619339596144,1.0,0.332284115254879,0.9283333333333333,0.237806246835081,0.95
12400,0.0002243372506604323,1.0,0.3331724271178246,0.9283333333333333,0.23984939352992704,0.95
12500,0.00021161148130583268,1.0,0.3343242511153221,0.9283333333333333,0.24020871021510923,0.951
12600,0.00020205905255150155,1.0,0.3371236838400364,0.9283333333333333,0.24242109547862234,0.95
12700,0.00019155952690602538,1.0,0.3382514350116253,0.9283333333333333,0.242543172200813,0.95
12800,0.0001812205352002315,1.0,0.3393075793981552,0.9283333333333333,0.24319342019803383,0.951
12900,0.00017425433353410982,1.0,0.3410521253943443,0.9283333333333333,0.24462510163293166,0.949
13000,0.00016471526707593714,1.0,0.3413772188127041,0.9283333333333333,0.24565624834640937,0.951
13100,0.0001563823158196303,1.0,0.34403082355856895,0.9283333333333333,0.24583966756129966,0.951
13200,0.0001476395238569239,1.0,0.3466589368879795,0.93,0.24699078018174453,0.95
13300,0.00014010588169589432,1.0,0.34654572010040285,0.9283333333333333,0.24820266214801984,0.951
13400,0.0001332136285782326,1.0,0.3484339497983456,0.9283333333333333,0.24967388540287228,0.95
13500,0.0001267096705608613,1.0,0.3494087614119053,0.93,0.2502056994639775,0.95
13600,0.00011980340301912899,1.0,0.35041400641202924,0.9283333333333333,0.25041294919655605,0.951
13700,0.00011421416220400716,1.0,0.3521343611180782,0.93,0.25171109480673776,0.95
13800,0.00010855273010545514,1.0,0.3532897047698498,0.9283333333333333,0.2517035954686649,0.95
13900,0.00010276267334524568,1.0,0.3555857494473457,0.9283333333333333,0.25435268002397876,0.951
14000,9.774456320883473e-05,1.0,0.3565387107431889,0.9283333333333333,0.25436867357176896,0.951
14100,9.342169903700577e-05,1.0,0.35813927501440046,0.93,0.25483975888175125,0.95
14200,8.883917406718765e-05,1.0,0.35992010235786437,0.9283333333333333,0.2571742308928686,0.949
14300,8.482951921501404e-05,1.0,0.36121931225061416,0.9283333333333333,0.25677543232107863,0.951
14400,7.9434183256429e-05,1.0,0.3622292809188366,0.9283333333333333,0.25804613810032606,0.95
14500,7.55439056875831e-05,1.0,0.36360035091638565,0.9283333333333333,0.2581339243470746,0.95
14600,7.195027624725803e-05,1.0,0.36430657655000687,0.93,0.2604762699783725,0.949
14700,6.847533719943992e-05,1.0,0.36715340837836263,0.9283333333333333,0.26119736061595816,0.951
14800,6.541227774303277e-05,1.0,0.3673406235873699,0.9266666666666666,0.2625529548043714,0.95
14900,6.159430035444934e-05,1.0,0.3695467360317707,0.93,0.2627897260381895,0.95
15000,5.8524614562177e-05,1.0,0.3707150317728519,0.93,0.2649348182603717,0.95
15100,5.552447172602923e-05,1.0,0.37250812649726867,0.93,0.2649457759278662,0.951
15200,5.277694632847366e-05,1.0,0.37348516657948494,0.9266666666666666,0.26626252766479463,0.95
15300,5.0160540579074425e-05,1.0,0.3753995418548584,0.93,0.26681836157598915,0.95
15400,4.767272348544793e-05,1.0,0.3760600991547108,0.93,0.2688555931124617,0.95
15500,4.53342050402878e-05,1.0,0.37802682593464854,0.93,0.2676243817105013,0.951
15600,4.299003751131952e-05,1.0,0.3792820148169994,0.9283333333333333,0.26933018085272875,0.951
15700,4.1043169383354124e-05,1.0,0.38081866428256034,0.9266666666666666,0.2713906057178974,0.949
15800,3.9082393565574115e-05,1.0,0.38172050192952156,0.93,0.2721616355702281,0.95
15900,3.688168459727119e-05,1.0,0.38440304175019263,0.9266666666666666,0.2741599991260206,0.95
16000,3.491336086275017e-05,1.0,0.38543749749660494,0.9283333333333333,0.27390649438123493,0.95
16100,3.315330994963814e-05,1.0,0.38656928911805155,0.9283333333333333,0.27475197470801715,0.951
16200,3.154899754412731e-05,1.0,0.38790877163410187,0.93,0.27551184085142966,0.951
16300,3.00201330396198e-05,1.0,0.38964067250490186,0.9266666666666666,0.27613545806311507,0.95
16400,2.847522887855626e-05,1.0,0.39103702902793885,0.93,0.2775337497484596,0.95
16500,2.7144302970959365e-05,1.0,0.3926085576415062,0.9266666666666666,0.2788294269977247,0.95
16600,2.5781692233471807e-05,1.0,0.39451493695378304,0.925,0.279725025736672,0.949
16700,2.455239022209652e-05,1.0,0.39524939805269244,0.93,0.27928438979913206,0.95
16800,2.332786674135908e-05,1.0,0.3966128580272198,0.9283333333333333,0.2817386147182654,0.95
16900,2.206143149123818e-05,1.0,0.39712321311235427,0.9266666666666666,0.282361681901795,0.95
17000,2.0999056485177585e-05,1.0,0.39894239231944084,0.9266666666666666,0.2833800676333554,0.95
17100,1.994447918352509e-05,1.0,0.40057390853762626,0.9266666666666666,0.2840598724125063,0.95
17200,1.8970877989785448e-05,1.0,0.4026681691408157,0.9266666666666666,0.2863420717527761,0.948
17300,1.804718870819973e-05,1.0,0.40383809730410575,0.9283333333333333,0.28586637239684076,0.95
17400,1.724707684237122e-05,1.0,0.40520087331533433,0.9283333333333333,0.28817257805563073,0.949
17500,1.6325569842794923e-05,1.0,0.406211069971323,0.93,0.2886867451974574,0.949
17600,1.553478195496104e-05,1.0,0.4082216523587704,0.9283333333333333,0.2890022039303885,0.951
17700,1.4665244652355291e-05,1.0,0.4088979624211788,0.9283333333333333,0.29045691154897213,0.949
17800,1.3911151768297714e-05,1.0,0.41170251816511155,0.9283333333333333,0.2899174723116791,0.949
17900,1.3225642548301646e-05,1.0,0.4119687981903553,0.9266666666666666,0.2920573145863326,0.949
18000,1.2559598957927341e-05,1.0,0.41359884589910506,0.9266666666666666,0.29365982559016524,0.949
18100,1.2009992643571524e-05,1.0,0.41490898206830024,0.9266666666666666,0.2935776234987904,0.949
18200,1.1342631283797447e-05,1.0,0.41623459085822107,0.9283333333333333,0.2947829489541404,0.95
18300,1.083077050528421e-05,1.0,0.4175410382449627,0.9283333333333333,0.29591256777262864,0.95
18400,1.0302560900122949e-05,1.0,0.4187056303024292,0.9283333333333333,0.2970768109730938,0.949
18500,9.759697253583808e-06,1.0,0.4206444688141346,0.9283333333333333,0.2981190654613516,0.95
18600,9.257440057000269e-06,1.0,0.42294684499502183,0.9283333333333333,0.3003608408548376,0.949
18700,8.80838047881601e-06,1.0,0.4235371373593807,0.9283333333333333,0.300124626058866,0.95
18800,8.395805141642793e-06,1.0,0.4249727390706539,0.9266666666666666,0.3007192683460958,0.949
18900,7.96338108052118e-06,1.0,0.4261678606271744,0.93,0.3024969603866339,0.949
19000,7.570217767099368e-06,1.0,0.4270641528069973,0.93,0.3022565125652096,0.951
19100,7.22649775121277e-06,1.0,0.4294343158602715,0.93,0.3041597773485324,0.95
19200,6.851756706459532e-06,1.0,0.4300344228744507,0.9283333333333333,0.3051280526937369,0.949
19300,6.4966022617025175e-06,1.0,0.4321554034948349,0.9283333333333333,0.30607966059709296,0.949
19400,6.207164191588769e-06,1.0,0.43278666883707045,0.9266666666666666,0.3067692609996918,0.949
19500,5.889366237473344e-06,1.0,0.4351823404431343,0.93,0.3078602412989473,0.949
19600,5.5672818045119735e-06,1.0,0.4366575449705124,0.9283333333333333,0.3084012313252863,0.949
19700,5.30417465572302e-06,1.0,0.4370184257626534,0.9266666666666666,0.30982519149342,0.949
19800,5.041396696014999e-06,1.0,0.43963457345962526,0.9283333333333333,0.31056013281511907,0.949
19900,4.8819006060006764e-06,1.0,0.44070376753807067,0.9316666666666666,0.311625576523297,0.951
20000,4.553834921555083e-06,1.0,0.4419969141483307,0.93,0.3132571514476748,0.95
20100,4.332624059265476e-06,1.0,0.4430832266807556,0.93,0.3147358620977577,0.949
20200,4.11971268413759e-06,1.0,0.4452775210142136,0.9283333333333333,0.3142812881509171,0.95
20300,3.918324393402549e-06,1.0,0.4469455063343048,0.9283333333333333,0.316046654849368,0.95
20400,3.7293174967898167e-06,1.0,0.4485794425010681,0.9283333333333333,0.31663052041960116,0.95
20500,3.528328613811027e-06,1.0,0.44896685183048246,0.93,0.3173244221629027,0.95
20600,3.3657003566784423e-06,1.0,0.4497339725494385,0.9283333333333333,0.3192249107558061,0.95
20700,3.1955698785976793e-06,1.0,0.4521792411804199,0.93,0.32047802409814563,0.951
20800,3.0404488038963487e-06,1.0,0.4528180524706841,0.9283333333333333,0.3206724856487092,0.95
20900,2.9009790308817984e-06,1.0,0.45395778566598893,0.9283333333333333,0.32149438792839646,0.951
21000,2.7591450892335464e-06,1.0,0.4572571381926537,0.9266666666666666,0.3237917762907112,0.95
21100,2.607246165729925e-06,1.0,0.4585648953914642,0.9283333333333333,0.3230868712725008,0.949
21200,2.4869366029633965e-06,1.0,0.4585764467716217,0.93,0.32524144364630475,0.951
21300,2.364993926246623e-06,1.0,0.46043534725904467,0.9283333333333333,0.32477700178894925,0.951
21400,2.2504225796637913e-06,1.0,0.4616705447435379,0.9266666666666666,0.32726574919241314,0.95
21500,2.141040326680215e-06,1.0,0.46186661571264265,0.93,0.3266206699259141,0.95
21600,2.0366684964301386e-06,1.0,0.46335854977369306,0.93,0.32776848503443246,0.951
21700,1.937042542168557e-06,1.0,0.4651531159877777,0.9283333333333333,0.32967853754320564,0.952
21800,1.8426699562547179e-06,1.0,0.4675993099808693,0.93,0.33016688009614453,0.952
21900,1.7597995660404801e-06,1.0,0.46790987253189087,0.93,0.33132672340006514,0.952
22000,1.6646102639899456e-06,1.0,0.47002154439687727,0.9283333333333333,0.3332844434908646,0.951
22100,1.5899953856054101e-06,1.0,0.47134848684072495,0.9266666666666666,0.333243640139699,0.952
22200,1.5095523230633666e-06,1.0,0.4725969538092613,0.9266666666666666,0.3341680280316402,0.95
22300,1.4392639927665288e-06,1.0,0.47456494718790054,0.93,0.3348323293030262,0.952
22400,1.3660401770544518e-06,1.0,0.4751183018088341,0.9266666666666666,0.33669598159544606,0.953
22500,1.2976281201165168e-06,1.0,0.4764359802007675,0.9283333333333333,0.33623505055027847,0.952
22600,1.2356622354066834e-06,1.0,0.4784511387348175,0.9283333333333333,0.3375815631383482,0.953
22700,1.1795905262740942e-06,1.0,0.4790398940443993,0.9266666666666666,0.33817462968256545,0.953
22800,1.1200087344478661e-06,1.0,0.4809835866093636,0.9266666666666666,0.3407097376663895,0.952
22900,1.0651288767525734e-06,1.0,0.48193553537130357,0.9283333333333333,0.34056387907441926,0.953
23000,1.0123242866989636e-06,1.0,0.4838761627674103,0.9283333333333333,0.34197715817786317,0.952
23100,9.637801696271709e-07,1.0,0.4852637752890587,0.9283333333333333,0.34349116337869096,0.953
23200,9.207768720721611e-07,1.0,0.4875089406967163,0.9283333333333333,0.34365732573411045,0.953
23300,8.765372974216411e-07,1.0,0.48922431468963623,0.9283333333333333,0.3454028871458243,0.953
23400,8.313486824186435e-07,1.0,0.48865970224142075,0.9266666666666666,0.34571028588449254,0.953
23500,7.915905418561427e-07,1.0,0.4904652163386345,0.9283333333333333,0.3458916380563203,0.953
23600,7.54989112136981e-07,1.0,0.49270811676979065,0.9266666666666666,0.34798638840370316,0.953
23700,7.179683156740187e-07,1.0,0.49295161962509154,0.9283333333333333,0.3487143066218671,0.953
23800,6.829784717233957e-07,1.0,0.4947481632232666,0.9266666666666666,0.3500345897696474,0.953
23900,6.495118026034814e-07,1.0,0.4964541524648666,0.9283333333333333,0.35063608768669996,0.952
24000,6.214095080281368e-07,1.0,0.49677864164114,0.9283333333333333,0.35199936501243534,0.953
24100,5.900841450233606e-07,1.0,0.499248793721199,0.9283333333333333,0.3522565377437893,0.953
24200,5.612754228599846e-07,1.0,0.5002535149455071,0.9283333333333333,0.3532945874749738,0.953
24300,5.360208653036756e-07,1.0,0.5014015585184097,0.9283333333333333,0.3540284346569987,0.953
24400,5.105234360295678e-07,1.0,0.5037140190601349,0.9266666666666666,0.35632997970370683,0.953
24500,4.858649095101302e-07,1.0,0.5034100160002708,0.9283333333333333,0.35593786846627207,0.953
24600,4.6749794917231053e-07,1.0,0.5057903468608856,0.9283333333333333,0.3587800644557266,0.952
24700,4.4109542566654153e-07,1.0,0.5065262794494629,0.9266666666666666,0.35796179408755374,0.953
24800,4.2155843513253584e-07,1.0,0.5090918898582458,0.9283333333333333,0.35983171686530113,0.953
24900,4.0316938117889045e-07,1.0,0.5087221220135689,0.9283333333333333,0.3598331090829828,0.952
25000,3.824623803438953e-07,1.0,0.5103417798876763,0.9283333333333333,0.3613298236775924,0.952
25100,3.645810566234155e-07,1.0,0.5119081467390061,0.9283333333333333,0.3616868147955221,0.952
25200,3.4705293674935293e-07,1.0,0.5130934044718742,0.9283333333333333,0.3630052816451472,0.952
25300,3.333218388314031e-07,1.0,0.5148360520601273,0.9283333333333333,0.3639491702265599,0.952
25400,3.161027756782965e-07,1.0,0.5152287319302559,0.93,0.3637497911010595,0.952
25500,3.0404943621596835e-07,1.0,0.5175414085388184,0.9283333333333333,0.366925383972771,0.953
25600,2.864992276209301e-07,1.0,0.5179845660924911,0.9283333333333333,0.3671516526271315,0.953
25700,2.745562583407314e-07,1.0,0.5197728842496872,0.9266666666666666,0.3670128850704607,0.953
25800,2.6261329348168755e-07,1.0,0.5216830715537071,0.93,0.36888044300105644,0.953
25900,2.4961068838535995e-07,1.0,0.5232037648558616,0.9283333333333333,0.3689806567614569,0.953
26000,2.3830790812300822e-07,1.0,0.5240472078323364,0.9283333333333333,0.3703645968481022,0.953
26100,2.2930099608705252e-07,1.0,0.525887368619442,0.93,0.3719485535231583,0.953
26200,2.1779954329935612e-07,1.0,0.5252951800823211,0.9283333333333333,0.3724340645267683,0.954
26300,2.0749017027002184e-07,1.0,0.5280264854431153,0.93,0.373891475610435,0.952
26400,1.9903515848795906e-07,1.0,0.5287501871585846,0.93,0.37367173930739656,0.953
26500,1.8899069122508333e-07,1.0,0.5302648976445198,0.9283333333333333,0.3752270268057199,0.953
26600,1.7989548225393213e-07,1.0,0.5316357269883156,0.9316666666666666,0.3758209312115522,0.952
26700,1.7166122354694834e-07,1.0,0.5320671796798706,0.9316666666666666,0.3774470067856943,0.953
26800,1.644424526227163e-07,1.0,0.5343126282095909,0.9266666666666666,0.37851301120484576,0.953
26900,1.5748858935972344e-07,1.0,0.5361145973205567,0.9266666666666666,0.378551765509388,0.954
27000,1.497620758073026e-07,1.0,0.5364808052778244,0.9283333333333333,0.38003647464382295,0.952
27100,1.4344840738465968e-07,1.0,0.538102687895298,0.9266666666666666,0.38125370563391375,0.952
27200,1.3731134617482137e-07,1.0,0.538173209130764,0.9283333333333333,0.3808749575058327,0.952
27300,1.3079899646347334e-07,1.0,0.5402611508965492,0.9283333333333333,0.38273083150167675,0.952
27400,1.2508137174904733e-07,1.0,0.5404960095882416,0.9333333333333333,0.3827674347249901,0.953
27500,1.195624296062508e-07,1.0,0.5426748737692833,0.93,0.384113717933788,0.952
27600,1.1415386631025765e-07,1.0,0.543477812409401,0.9283333333333333,0.3850162665852729,0.952
27700,1.0960625848907866e-07,1.0,0.5442834705114364,0.93,0.3857455878682873,0.952
27800,1.039548605814073e-07,1.0,0.5468838810920715,0.9283333333333333,0.3871517511194243,0.952
27900,9.95397066697971e-08,1.0,0.5478095188736916,0.9283333333333333,0.388232089305187,0.952
28000,9.554399172076148e-08,1.0,0.5500500857830047,0.925,0.3895859334836988,0.952
28100,9.218847469109429e-08,1.0,0.5483500033617019,0.9316666666666666,0.3892573400893632,0.951
28200,8.76187895768352e-08,1.0,0.5507281839847564,0.9283333333333333,0.3907460339148255,0.952
28300,8.408666616332993e-08,1.0,0.5531256914138794,0.9266666666666666,0.3921916639322744,0.952
28400,8.053246482515104e-08,1.0,0.5532965213060379,0.93,0.39292842500350056,0.951
28500,7.741978159793285e-08,1.0,0.5556985825300217,0.9266666666666666,0.393968528300962,0.952
28600,7.408633811125912e-08,1.0,0.5563641637563705,0.9283333333333333,0.39446272514760494,0.952
28700,7.084119971128505e-08,1.0,0.5567178815603256,0.9316666666666666,0.3951587614548557,0.952
28800,6.781681797857825e-08,1.0,0.5584305673837662,0.9266666666666666,0.39626926726059003,0.952
28900,6.479243518005736e-08,1.0,0.5601212054491043,0.9283333333333333,0.3965595561244032,0.952
29000,6.218749343626465e-08,1.0,0.5610154882073403,0.9266666666666666,0.39830307963797273,0.951
29100,5.986953706127452e-08,1.0,0.5615770414471626,0.9283333333333333,0.3985449304694639,0.951
29200,5.719836628041245e-08,1.0,0.5628576055169106,0.9266666666666666,0.3986603475230582,0.951
29300,5.472587925541777e-08,1.0,0.5642049580812454,0.925,0.4014776194577708,0.951
29400,5.254037680973372e-08,1.0,0.5651224687695503,0.9283333333333333,0.4012168122126776,0.951
29500,5.0950920460479666e-08,1.0,0.5670239701867104,0.925,0.4016765295801794,0.952
29600,4.819144738574563e-08,1.0,0.5668210551142693,0.9283333333333333,0.40309903025627136,0.952
29700,4.649161228837468e-08,1.0,0.568643932044506,0.9283333333333333,0.4039948891081354,0.952
29800,4.5012534983297e-08,1.0,0.5691473975777626,0.9233333333333333,0.4048557622248636,0.952
29900,4.3158169087891764e-08,1.0,0.5704036161303521,0.9283333333333333,0.4059165666318115,0.95
30000,4.1237575566634e-08,1.0,0.5704110503196717,0.93,0.4064284649622791,0.951
30100,3.936113386831469e-08,1.0,0.57269636541605,0.9266666666666666,0.40654177410418496,0.952
30200,3.777167711444602e-08,1.0,0.5727273166179657,0.9283333333333333,0.40746090796721335,0.951
30300,3.6447129916597176e-08,1.0,0.5742092564702034,0.9266666666666666,0.40837206384714914,0.953
30400,3.5210885881061434e-08,1.0,0.5760123804211617,0.9283333333333333,0.40914133738945513,0.952
30500,3.379803508667894e-08,1.0,0.5760892435908318,0.9266666666666666,0.410233925041907,0.951
30600,3.2451412421450087e-08,1.0,0.5778955489397049,0.9266666666666666,0.41105437771800685,0.951
30700,3.128139587360579e-08,1.0,0.5787505373358727,0.93,0.4116399059729541,0.95
30800,2.973609040976852e-08,1.0,0.5795777186751365,0.9283333333333333,0.41229185686611075,0.951
30900,2.843361897535917e-08,1.0,0.5807222038507461,0.93,0.4130776671911864,0.952
31000,2.757266315514231e-08,1.0,0.5823276281356812,0.9266666666666666,0.41492940321126404,0.952
31100,2.651302527646572e-08,1.0,0.5817942306399345,0.93,0.4152902224484612,0.95
31200,2.5320932659253813e-08,1.0,0.5836043924093246,0.9283333333333333,0.4149452538284309,0.953
31300,2.434959806624843e-08,1.0,0.583980256319046,0.93,0.41639685269226046,0.951
31400,2.351071782690105e-08,1.0,0.5845998853445054,0.93,0.4174055619822705,0.953
31500,2.280429270109765e-08,1.0,0.5862415939569473,0.9283333333333333,0.41854716245742407,0.951
31600,2.2097867249628836e-08,1.0,0.5874571233987809,0.9283333333333333,0.4191146020174903,0.952
31700,2.1590124340183556e-08,1.0,0.5871837913990021,0.9283333333333333,0.4195489648400861,0.953
31800,2.075124427847186e-08,1.0,0.5900756388902664,0.93,0.4213211976320428,0.951
31900,1.9868212665209564e-08,1.0,0.5904389679431915,0.9283333333333333,0.42068192220347767,0.952
32000,1.9360469444901835e-08,1.0,0.5899105116724968,0.93,0.4222575103425804,0.951
32100,1.847743793032603e-08,1.0,0.5918715342879295,0.9283333333333333,0.42306545705479737,0.952
32200,1.7903467138443338e-08,1.0,0.5922552645206451,0.9283333333333333,0.42357970576952486,0.952
32300,1.7020435648539156e-08,1.0,0.5932594507932663,0.9283333333333333,0.4243989677223213,0.952
32400,1.6534768300226055e-08,1.0,0.5940531402826309,0.9283333333333333,0.42480641674688635,0.952
32500,1.618155572992287e-08,1.0,0.5946968123316765,0.9283333333333333,0.4253223725758931,0.952
32600,1.5519282037246284e-08,1.0,0.5960078239440918,0.93,0.4259044443092802,0.952
32700,1.516606940279688e-08,1.0,0.5972470536828041,0.93,0.426530189702616,0.951
32800,1.4592098798418521e-08,1.0,0.5978275924921036,0.9283333333333333,0.42761587039293614,0.953
32900,1.4636250369706419e-08,1.0,0.5988478258252143,0.93,0.42870484478771687,0.952
33000,1.3951900770494932e-08,1.0,0.5995807811617851,0.93,0.4283913836869247,0.951
33100,1.3576612426883608e-08,1.0,0.6007366582751275,0.93,0.4296715773970765,0.95
33200,1.2848111266252873e-08,1.0,0.6003866270184517,0.93,0.43012149670325656,0.952
33300,1.2384519533349526e-08,1.0,0.6017369970679283,0.93,0.43048057069673257,0.952
33400,1.1987155327612224e-08,1.0,0.6029242858290672,0.93,0.4314087587134803,0.951
33500,1.1832624791097146e-08,1.0,0.6035860821604728,0.93,0.43182442901546464,0.952
33600,1.1545639535784049e-08,1.0,0.6048211246728897,0.93,0.4325991066391854,0.952
33700,1.119242684212275e-08,1.0,0.605576665699482,0.93,0.4335034219548106,0.951
33800,1.0728835183234272e-08,1.0,0.6055823028087616,0.93,0.4336277131977327,0.951
33900,1.0486001454800152e-08,1.0,0.6062279134988785,0.93,0.43436290520955534,0.951
34000,1.0132788711795608e-08,1.0,0.6077191725373268,0.93,0.43505515919669585,0.952
34100,9.889955003098786e-09,1.0,0.6087309956550598,0.93,0.43553000403677716,0.952
34200,9.602969732982715e-09,1.0,0.6088929638266564,0.93,0.4361647084793624,0.952
34300,9.183529729265654e-09,1.0,0.6097405150532722,0.93,0.43665059601121087,0.952
34400,9.139378157977756e-09,1.0,0.6103371933102608,0.93,0.43700184853857055,0.951
34500,8.71993810985177e-09,1.0,0.6109288558363914,0.93,0.4373284373432398,0.951
34600,8.675786597775767e-09,1.0,0.6119049116969109,0.93,0.4390862848719253,0.952
34700,8.565407573336693e-09,1.0,0.6123806849122048,0.93,0.4389655241633163,0.952
34800,8.256346441094643e-09,1.0,0.6135032415390015,0.93,0.44008677398018975,0.952
34900,8.079740170746025e-09,1.0,0.6142271459102631,0.93,0.44060305210159106,0.952
35000,7.969361170978573e-09,1.0,0.6139603361487389,0.93,0.44086793048636,0.951
35100,7.748603319473406e-09,1.0,0.6143086448311805,0.93,0.4416659458485596,0.951
35200,7.461617935867871e-09,1.0,0.6155736118555069,0.93,0.44229835074614077,0.951
35300,7.881058062943048e-09,1.0,0.6160171151161193,0.93,0.44297075249692974,0.951
35400,7.351238975575017e-09,1.0,0.61645617634058,0.93,0.4430160086382838,0.951
35500,7.2408600300851356e-09,1.0,0.6167041450738907,0.93,0.4439241947496639,0.952
35600,7.1746326262772046e-09,1.0,0.6173016279935837,0.93,0.44449031177689047,0.952
35700,7.020102144039697e-09,1.0,0.6181872740387917,0.93,0.4454668560339248,0.952
35800,6.8214199375502305e-09,1.0,0.6180492416024208,0.93,0.445161962936468,0.951
35900,6.6227378790905e-09,1.0,0.6189816236495972,0.93,0.4461098175276728,0.951
36000,6.512358884257373e-09,1.0,0.6194326356053352,0.93,0.4465245916782057,0.951
36100,6.4461315100553895e-09,1.0,0.6199573114514351,0.93,0.4469549737541991,0.951
36200,6.468207332706773e-09,1.0,0.620849184691906,0.93,0.4479193566914867,0.952
36300,6.313676776454397e-09,1.0,0.6208608239889145,0.93,0.44813244099564414,0.951
36400,5.783857738429611e-09,1.0,0.6207947388291359,0.9316666666666666,0.4488148878821555,0.951
36500,6.490283076408963e-09,1.0,0.6216709569096566,0.93,0.44889098071657557,0.951
36600,5.894236683919492e-09,1.0,0.6225149944424629,0.93,0.4498997664298205,0.952
36700,5.563099783303629e-09,1.0,0.6224253684282303,0.93,0.4503911241669865,0.951
36800,5.673478743596484e-09,1.0,0.6238129615783692,0.9316666666666666,0.4509864854352439,0.952
36900,5.474796620990534e-09,1.0,0.6236079156398773,0.9316666666666666,0.4511691188604078,0.951
37000,5.254038725076448e-09,1.0,0.6241836249828339,0.9316666666666666,0.4518667561111643,0.95
37100,5.717630359293303e-09,1.0,0.6251045867800713,0.9316666666666666,0.4525904425365083,0.951
37200,5.5851755960863635e-09,1.0,0.6257444992661476,0.9316666666666666,0.45312720153699904,0.951
37300,5.474796660465131e-09,1.0,0.6259327337145806,0.9316666666666666,0.45372962124426575,0.951
37400,5.187811326202841e-09,1.0,0.6268062487244606,0.9316666666666666,0.45409860807087493,0.951
37500,5.276114478647287e-09,1.0,0.6273145526647568,0.9316666666666666,0.4546282719546819,0.951
37600,4.922901824460584e-09,1.0,0.627599211037159,0.9316666666666666,0.4554149879361777,0.951
37700,4.989129154253646e-09,1.0,0.6282367870211601,0.9316666666666666,0.4555863147765836,0.951
37800,5.011204981839354e-09,1.0,0.6286044910550117,0.9316666666666666,0.4559580321314142,0.95
37900,5.0774323708443114e-09,1.0,0.6287414118647575,0.9316666666666666,0.4559204025084482,0.95
38000,4.967053405617132e-09,1.0,0.6296682730317116,0.9316666666666666,0.4569166370338815,0.951
38100,4.657992298046704e-09,1.0,0.6294330447912216,0.9316666666666666,0.45737136316978755,0.95
38200,4.635916500066944e-09,1.0,0.6302891120314598,0.9316666666666666,0.4576276497751036,0.95
38300,4.7021438890719e-09,1.0,0.6312961205840111,0.9316666666666666,0.45829865287112836,0.95
38400,4.260628052834806e-09,1.0,0.6313312858343124,0.9316666666666666,0.4588912903221653,0.95
38500,4.348931225016549e-09,1.0,0.6323479875922203,0.9316666666666666,0.45877273249275546,0.95
38600,4.1502490777389765e-09,1.0,0.6322525009512902,0.9316666666666666,0.45948241785278215,0.95
38700,4.216476437137986e-09,1.0,0.6330012902617455,0.9316666666666666,0.4600832380957025,0.951
38800,4.216476461809609e-09,1.0,0.6332373023033142,0.9316666666666666,0.46047994620440635,0.951
38900,4.48138597835484e-09,1.0,0.6335904061794281,0.9316666666666666,0.46074672536376643,0.95
39000,4.459310155703457e-09,1.0,0.6340959444642067,0.9316666666666666,0.461034479934503,0.951
39100,4.43723437252667e-09,1.0,0.6352356016635895,0.9316666666666666,0.4618395254947245,0.951
39200,4.371006998324687e-09,1.0,0.6349246487021446,0.9316666666666666,0.46224811629337426,0.95
39300,4.304779594516756e-09,1.0,0.6351968094706535,0.9316666666666666,0.4624854733564836,0.95
39400,4.216476461809609e-09,1.0,0.6355914428830147,0.9316666666666666,0.4623678549028495,0.951
39500,4.371007003259011e-09,1.0,0.6358099803328514,0.9316666666666666,0.4629532533204731,0.95
39600,3.951566945264378e-09,1.0,0.6366729885339737,0.9316666666666666,0.4637156573179014,0.951
39700,4.128173289627865e-09,1.0,0.6371308326721191,0.9316666666666666,0.46381323302493377,0.95
39800,4.084021708471318e-09,1.0,0.6377001300454139,0.9316666666666666,0.46431752209387284,0.952
39900,4.172324855981439e-09,1.0,0.6377588763833046,0.9316666666666666,0.46506336082101746,0.95
40000,4.1281732945621896e-09,1.0,0.6378380462527276,0.9316666666666666,0.4650494519292432,0.951
40100,3.973642738309814e-09,1.0,0.6386958226561547,0.9316666666666666,0.4652106640038683,0.951
40200,3.752884793052481e-09,1.0,0.6388043582439422,0.9316666666666666,0.4659757377744159,0.95
40300,3.841187984971523e-09,1.0,0.6392251044511795,0.9316666666666666,0.465910911833977,0.951
40400,3.8191121968604115e-09,1.0,0.6398752957582474,0.9316666666666666,0.4666188328855616,0.952
40500,4.039870117446122e-09,1.0,0.6403153121471405,0.9316666666666666,0.46694455484804864,0.952
40600,3.774960576229268e-09,1.0,0.6405888751149178,0.9316666666666666,0.4673085086431135,0.951
40700,3.907415364107831e-09,1.0,0.6411536991596222,0.9316666666666666,0.46755556910134416,0.952
40800,3.6866574385877962e-09,1.0,0.6412839859724044,0.9316666666666666,0.46794797332190413,0.952
40900,3.6204300397141903e-09,1.0,0.6420668601989746,0.9316666666666666,0.4682106181212208,0.952
41000,3.7749606058352155e-09,1.0,0.6420007452368737,0.9316666666666666,0.4690663419554339,0.952
41100,3.487975291310224e-09,1.0,0.6430754348635673,0.9316666666666666,0.4689973366227658,0.952
41200,3.598354261471728e-09,1.0,0.6434483096003533,0.9333333333333333,0.46926862886175513,0.952
41300,3.465899508133437e-09,1.0,0.6436639428138733,0.9333333333333333,0.4699138259679517,0.952
41400,3.5983542466687545e-09,1.0,0.6442460045218468,0.9316666666666666,0.4706200619282968,0.952
41500,3.377596331017369e-09,1.0,0.6443672254681587,0.9333333333333333,0.470433222979088,0.952
41600,3.5762784634919675e-09,1.0,0.6450928390026093,0.9333333333333333,0.47091286182951403,0.952
41700,3.443823715088001e-09,1.0,0.6454948425292969,0.9333333333333333,0.4709918740041116,0.952
41800,3.333444735057848e-09,1.0,0.6458902865648269,0.9333333333333333,0.4718009541359018,0.952
41900,3.5321268724667715e-09,1.0,0.6460004597902298,0.9333333333333333,0.4722353022490792,0.952
42000,3.7749606009008904e-09,1.0,0.6466886788606644,0.9333333333333333,0.4729950116837726,0.952
42100,3.3996721289971294e-09,1.0,0.6470504149794578,0.9333333333333333,0.4725845823447932,0.952
42200,3.399672124062805e-09,1.0,0.6470697864890098,0.9333333333333333,0.47325491236851497,0.952
42300,3.333444739992173e-09,1.0,0.6477466434240341,0.9333333333333333,0.4737670346820617,0.952
42400,3.4438237052193522e-09,1.0,0.6487709432840347,0.9333333333333333,0.4741060771595906,0.952
42500,3.554202680315181e-09,1.0,0.6480127096176147,0.9366666666666666,0.47426640360123096,0.952
42600,3.200989986653882e-09,1.0,0.6485222801566124,0.935,0.47479672661489425,0.952
42700,3.377596331017369e-09,1.0,0.6488729044795036,0.9333333333333333,0.47477132476427975,0.951
42800,3.5321268379264996e-09,1.0,0.6496748924255371,0.9333333333333333,0.4753591145169647,0.952
42900,3.0906110164923778e-09,1.0,0.650041139125824,0.935,0.475771100315101,0.952
43000,2.825701509815796e-09,1.0,0.6500368386507034,0.935,0.47610454905011196,0.952
43100,3.0023078492449585e-09,1.0,0.6506731554865837,0.935,0.4765781174578211,0.952
43200,2.693246746608856e-09,1.0,0.6509822070598602,0.9333333333333333,0.47695826120017204,0.952
43300,3.178914193608446e-09,1.0,0.6517217889428139,0.9333333333333333,0.47710166129228826,0.951
43400,3.465899498264788e-09,1.0,0.6516812816262245,0.935,0.4779566037468612,0.952
43500,3.951566940330053e-09,1.0,0.6519824057817459,0.935,0.478188913931851,0.951
43600,3.4217479220425653e-09,1.0,0.6527064070105553,0.9333333333333333,0.4783340124413371,0.951
43700,3.0023078492449585e-09,1.0,0.6530696824193001,0.935,0.4788656657397309,0.952
43800,3.399672124062805e-09,1.0,0.6533512532711029,0.935,0.4792448054889546,0.952
43900,2.649095160517984e-09,1.0,0.6532831937074661,0.935,0.4792855863377233,0.951
44000,3.576278473360617e-09,1.0,0.6536053434014321,0.935,0.4798179085037726,0.952
44100,3.0685352283812666e-09,1.0,0.6532651722431183,0.935,0.4798077527597985,0.951
44200,3.024383647224719e-09,1.0,0.6543382748961448,0.935,0.48006894417545376,0.951
44300,3.0464594254671813e-09,1.0,0.6544827044010162,0.935,0.48047178570071564,0.951
44400,3.0906110263610267e-09,1.0,0.6546729251742363,0.935,0.4805254320586648,0.952
44500,3.3996721289971294e-09,1.0,0.6551779925823211,0.9333333333333333,0.4812857633977033,0.951
44600,3.5100510942243092e-09,1.0,0.6552740573883057,0.9333333333333333,0.48156007347792823,0.953
44700,3.377596331017369e-09,1.0,0.6563071474432945,0.935,0.4820269838331596,0.951
44800,3.355520528103284e-09,1.0,0.6559314846992492,0.9333333333333333,0.48225193714503856,0.951
44900,2.891928888952104e-09,1.0,0.6564209043979645,0.9333333333333333,0.48220574120333526,0.951
45000,2.9360804503713526e-09,1.0,0.6570734977722168,0.9333333333333333,0.4828392580315909,0.952
45100,3.002307854179283e-09,1.0,0.6572441011667252,0.9333333333333333,0.4828243078526986,0.952
45200,2.9360804750429756e-09,1.0,0.6574416130781173,0.9333333333333333,0.4835530493326266,0.952
45300,2.6932467515431805e-09,1.0,0.6582729160785675,0.9333333333333333,0.4836100832805695,0.952
45400,3.134762607517574e-09,1.0,0.658254186809063,0.9333333333333333,0.48385161360013573,0.952
45500,3.0906110263610267e-09,1.0,0.658474187552929,0.9333333333333333,0.48410110242719595,0.952
45600,2.7815499187905997e-09,1.0,0.6587914139032364,0.9333333333333333,0.4846793572719702,0.952
45700,3.3334447498608218e-09,1.0,0.6589273095130921,0.9333333333333333,0.4846608973765636,0.952
45800,2.6932467416745315e-09,1.0,0.6597463235259056,0.9316666666666666,0.48510508407729075,0.952
45900,2.891928888952104e-09,1.0,0.660032732784748,0.9333333333333333,0.4856319228762432,0.952
46000,2.5166404022453688e-09,1.0,0.6603480815887451,0.9333333333333333,0.4857447059441577,0.952
46100,3.02438363735607e-09,1.0,0.6606538459658623,0.9333333333333333,0.4859341225888142,0.952
46200,2.5828677813816764e-09,1.0,0.66120685338974,0.9333333333333333,0.4862032905768822,0.952
46300,2.6711709584977446e-09,1.0,0.6613822534680367,0.9333333333333333,0.4864663548274514,0.952
46400,2.891928888952104e-09,1.0,0.6618462011218071,0.9333333333333333,0.4863856822827502,0.952
46500,2.6049435744271123e-09,1.0,0.662080816924572,0.9333333333333333,0.48729678847388747,0.952
46600,2.4945646141342576e-09,1.0,0.6624752819538117,0.9333333333333333,0.4874937582815833,0.952
46700,3.0685352283812666e-09,1.0,0.6626757279038429,0.9333333333333333,0.48769361298421726,0.952
46800,2.9581562680884114e-09,1.0,0.6629977762699127,0.9333333333333333,0.48804346652811065,0.952
46900,2.560791993270565e-09,1.0,0.6631604000926018,0.9333333333333333,0.4882918090751285,0.952
47000,2.9802320512651984e-09,1.0,0.6635004714131355,0.9333333333333333,0.4886142024770379,0.952
47100,2.516640397311044e-09,1.0,0.6638476267457009,0.9316666666666666,0.4889506150228793,0.952
47200,2.9802320463308737e-09,1.0,0.663895559310913,0.9316666666666666,0.48930257812197153,0.952
47300,3.1126868095378136e-09,1.0,0.6639410257339478,0.9316666666666666,0.4894828943138504,0.952
47400,2.781549923724924e-09,1.0,0.6647902488708496,0.9316666666666666,0.48950765136054114,0.952
47500,2.5387162002251293e-09,1.0,0.6652226656675339,0.9316666666666666,0.48994379329686877,0.952
47600,2.891928884017779e-09,1.0,0.6647445827722549,0.9333333333333333,0.4898084710721913,0.952
47700,2.5607919883362405e-09,1.0,0.6651730418205262,0.9316666666666666,0.4904542789890376,0.952
47800,2.8477772979269074e-09,1.0,0.6656346783041954,0.9333333333333333,0.4906359931645805,0.952
47900,2.494564609199933e-09,1.0,0.6659304976463318,0.9316666666666666,0.490959126933697,0.952
48000,3.2672173559215405e-09,1.0,0.6664190277457237,0.9333333333333333,0.49158410778652656,0.952
48100,2.6711709584977446e-09,1.0,0.6666332319378853,0.9333333333333333,0.4915099708322326,0.952
48200,2.649095160517984e-09,1.0,0.666875958442688,0.9333333333333333,0.4919245654155555,0.952
48300,2.759474125745164e-09,1.0,0.6673268347978591,0.9333333333333333,0.49206139605410176,0.952
48400,2.8698530860380186e-09,1.0,0.667700183391571,0.9333333333333333,0.4925901738118709,0.952
48500,2.5387161854221557e-09,1.0,0.6680191338062287,0.9333333333333333,0.49279794755035683,0.952
48600,2.5166404022453688e-09,1.0,0.6679743468761444,0.9316666666666666,0.49278082534917356,0.952
48700,2.4504130280433854e-09,1.0,0.6688119038939476,0.9316666666666666,0.49330865889650716,0.952
48800,2.9802320561995226e-09,1.0,0.6683080285787583,0.9333333333333333,0.49324960011632785,0.952
48900,2.472488816154497e-09,1.0,0.6689723610877991,0.9316666666666666,0.493438256014248,0.952
49000,2.560791993270565e-09,1.0,0.6694746479392052,0.9316666666666666,0.4939508915070773,0.952
49100,3.0906110214267024e-09,1.0,0.6692519053816796,0.9316666666666666,0.4941333553493571,0.952
49200,2.8477772979269074e-09,1.0,0.6700330525636673,0.9333333333333333,0.4945236009764759,0.952
49300,2.31795826977077e-09,1.0,0.670568335056305,0.9316666666666666,0.4946524177417707,0.952
49400,2.5828677764473517e-09,1.0,0.6705033466219902,0.9316666666666666,0.4948674727929756,0.952
49500,2.384185643972753e-09,1.0,0.6708559960126876,0.9316666666666666,0.4951711706611711,0.952
49600,2.2517308906344625e-09,1.0,0.6709979459643364,0.9316666666666666,0.4952731391771094,0.952
49700,2.340034052947557e-09,1.0,0.6714879661798477,0.9316666666666666,0.4953547312932856,0.952
49800,2.2738066836798984e-09,1.0,0.6722316712141037,0.9316666666666666,0.4958231136106941,0.952
49900,2.9140046721288903e-09,1.0,0.6722622364759445,0.9316666666666666,0.4962903354453909,0.952
50000,2.4283372349979495e-09,1.0,0.6726855427026749,0.93,0.496585062253015,0.952
50000,2.4724888210888213e-09,1.0,0.6727067440748214,0.93,0.4965705718324684,0.952
